{
  "client_name": "client_1",
  "namespace": "social_sim",
  "server": {
    "address": null,
    "port": null
  },
  "llm": {
    "address": "localhost",
    "port": 11434,
    "model": "llama3.2",
    "temperature": 0.9,
    "llm_api_key": "NULL",
    "llm_max_tokens": -1
  },
  "llm_v": {
    "address": "localhost",
    "port": 11434,
    "model": "minicpm-v",
    "temperature": 0.5,
    "llm_api_key": "NULL",
    "llm_max_tokens": 300
  },
  "simulation": {
    "num_days": 100,
    "num_slots_per_day": 24,
    "heartbeat_interval": 5,
    "note": "num_days=0 means infinite simulation, set to a positive number to limit duration. heartbeat_interval in seconds (default: 5).",
    "percentage_new_agents_iteration": 0.0,
    "percentage_removed_agents_iteration": 0.0,
    "discussion_topics": [
      "technology",
      "politics",
      "science",
      "culture",
      "innovation"
    ],
    "activity_profiles": {
      "Always On": "0,1,2,3,4,5,6,7,8,9,10,11,12,13,14,15,16,17,18,19,20,21,22,23"
    },
    "hourly_activity": {
      "0": 0.04,
      "1": 0.04083333333333333,
      "2": 0.041666666666666664,
      "3": 0.0425,
      "4": 0.043333333333333335,
      "5": 0.04416666666666667,
      "6": 0.045,
      "7": 0.04583333333333334,
      "8": 0.04666666666666667,
      "9": 0.0475,
      "10": 0.04833333333333333,
      "11": 0.049166666666666664,
      "12": 0.04,
      "13": 0.04083333333333333,
      "14": 0.041666666666666664,
      "15": 0.0425,
      "16": 0.043333333333333335,
      "17": 0.04416666666666667,
      "18": 0.045,
      "19": 0.04583333333333334,
      "20": 0.04666666666666667,
      "21": 0.0475,
      "22": 0.04833333333333333,
      "23": 0.049166666666666664
    },
    "actions_likelihood": {
      "post": 3.0,
      "image": 0.0,
      "news": 0.0,
      "comment": 5.0,
      "read": 2.0,
      "share": 1.0,
      "search": 5.0,
      "cast": 0.0,
      "share_link": 0.0,
      "follow": 0.1
    },
    "agent_archetypes": {
      "enabled": true,
      "agent_downcast": true,
      "distribution": {
        "validator": 0.33,
        "broadcaster": 0.33,
        "explorer": 0.34
      }
    },
    "emotion_annotation": false
  },
  "agents": {
    "reading_from_follower_ratio": 0.6,
    "max_length_thread_reading": 5,
    "attention_window": 336,
    "probability_of_daily_follow": 0.1,
    "probability_of_secondary_follow": 0.1,
    "follow_action_decay": {
      "enabled": false,
      "decay_function": "exponential",
      "half_life_rounds": 168,
      "decay_rate": 0.01,
      "min_probability_ratio": 0.1
    },
    "churn": {
      "enabled": true,
      "churn_probability": 0.1,
      "inactivity_threshold": 5,
      "churn_percentage": 0.05
    },
    "new_agents": {
      "enabled": true,
      "probability_new_agents": 0.1,
      "percentage_new_agents": 0.05
    }
  },
  "logging": {
    "enable_execution_log": true,
    "enable_actor_log": true,
    "enable_client_log": true,
    "enable_console_log": true,
    "enable_llm_usage_log": true
  },
  "opinion_dynamics": {
    "enabled": true,
    "model_name": "bounded_confidence",
    "parameters": {
      "epsilon": 0.25,
      "mu": 0.5,
      "theta": 0.0,
      "cold_start": "neutral"
    },
    "opinion_groups": {
      "Strongly against": [
        0.0,
        0.2
      ],
      "Against": [
        0.2,
        0.4
      ],
      "Neutral": [
        0.4,
        0.6
      ],
      "In favor": [
        0.6,
        0.8
      ],
      "Strongly in favor": [
        0.8,
        1.0
      ]
    }
  }
}